<?xml version="1.0" encoding="UTF-8"?>
<modification>
	<code>Extension Page Menu in 2.3</code>
	<name>Extension Page Menu in 2.3</name>
	<version>2.3</version>
	<author>https://ocmod.net/</author>
	<link>https://ocmod.net/</link>

	<file path="admin/view/template/extension/extension.tpl">
		<operation>
			<search><![CDATA[<div class="input-group">]]></search>
			<add position="replace" offset="12"><![CDATA[<?php /*NWD CODE START*/ ?>
            <?php /* ?><div class="input-group">
              <select name="type" class="form-control">
                <?php foreach ($categories as $category) { ?>
                <?php if ($type == $category['code']) { ?>
                <option value="<?php echo $category['href']; ?>" selected="selected"><?php echo $category['text']; ?></option>
                <?php } else { ?>
                <option value="<?php echo $category['href']; ?>"><?php echo $category['text']; ?></option>
                <?php } ?>
                
              </select>
              <span class="input-group-addon"><i class="fa fa-filter"></i> <?php echo $text_filter; ?></span>
            </div><?php */ ?>
			<div class="input-group btn-group" style="margin: 0 auto;">
				<?php foreach ($categories as $category) { ?>
					<?php $active = ($type == $category['code'])?' active':''; ?>
					<button class="btn btn-primary btn-sm mod_type col-lg-2 col-md-3 col-sm-6 col-xs-12 <?php echo $active; ?>" name="mod_type_<?php echo $category['code']; ?>" value="<?php echo $category['href']; ?>" ><?php echo $category['text']; ?></button>
				<?php } ?>
				<!--<span class="btn btn-primary btn-sm"><i class="fa fa-filter"></i> <?php echo $text_filter; ?></span>-->
			</div>
			<?php /*NWD CODE END*/ ?>
			]]></add>
		</operation>
		<operation>
			<search><![CDATA[$('select[name="type"]').on('change', function() {]]></search>
			<add position="before"><![CDATA[/*NWD CODE START*/
			/*$('select[name="type"]').on('change', function() {
				$.ajax({
					url: $('select[name="type"]').val(),
					dataType: 'html',
					beforeSend: function() {
						$('.fa-filter').addClass('fa-circle-o-notch fa-spin');
						$('.fa-filter').removeClass('fa-filter');
					},
					complete: function() {
						$('.fa-circle-o-notch').addClass('fa-filter');
						$('.fa-circle-o-notch').removeClass('fa-circle-o-notch fa-spin');
						
					},
					success: function(html) {
						$('#extension').html(html);
					},
					error: function(xhr, ajaxOptions, thrownError) {
						alert(thrownError + "\r\n" + xhr.statusText + "\r\n" + xhr.responseText);
					}
				});
			});*/
			<?php foreach ($categories as $category) { ?>
			$('button[name="mod_type_<?php echo $category['code']; ?>"]').on('click', function() {
				$.ajax({
					url: $('button[name="mod_type_<?php echo $category['code']; ?>"]').val(),
					dataType: 'html',
					beforeSend: function() {
						$('.fa-filter').addClass('fa-circle-o-notch fa-spin');
						$('.fa-filter').removeClass('fa-filter');
					},
					complete: function() {
					
						$('.fa-circle-o-notch').addClass('fa-filter');
						$('.fa-circle-o-notch').removeClass('fa-circle-o-notch fa-spin');
						
					},
					success: function(html) {
						$('#extension').html(html);
					},
					error: function(xhr, ajaxOptions, thrownError) {
						alert(thrownError + "\r\n" + xhr.statusText + "\r\n" + xhr.responseText);
					}
				});
			});
			<?php } ?>
			if ($('.mod_type.active').length > 0) {
				$('.mod_type.active').trigger('click');
			} else {
				$('.mod_type:first').click();
				$('.mod_type:first').addClass('active');
			}
			
			$('.mod_type').on('click', function() {
				if ($(this).hasClass('active')) return;
				$(this).addClass('active').siblings().removeClass('active');
				$('.mod_type').trigger('change');
			});
			/*NWD CODE END*/
			]]></add>
		</operation>
	</file>

</modification>