<?xml version="1.0" encoding="UTF-8"?>
<modification>
	<id>Xtensions-Best Checkout and Customer FrameWork - Engine(Do not disable this xml without disabling other "Custom_Registration" xmls)</id>
	<version>OC Version-2.1.x.x</version>
	<vqmver>2.5</vqmver>
	<author><![CDATA[<a href="http://www.opencart.com/index.php?route=extension/extension&filter_username=xtensions" target = "_blank">Other Modules</a><br />]]> <![CDATA[<a href="mailto:kwason@outlook.com">Email-Support</a><br />]]> <![CDATA[<a href="http://xtensions.in/support" target = "_blank">Ticket Support</a>]]></author>
	<file name="system/library/currency.php">
		<operation>
			<search position="before"><![CDATA[
			$this->config = $registry->get('config');
			]]></search>
			<add><![CDATA[
			$xtensions = new Xtensions($registry);
			$registry->set('xtensions', $xtensions);
                ]]></add>
		</operation>
	</file>
	<file name="catalog/model/account/customer.php">
		<operation>
			<search position="after" index="1"><![CDATA[
			$address_id = $this->db->getLastId();
			]]></search>
			<add><![CDATA[
			if($this->xtensions->isActive() && isset($data['noaddress']) && $data['noaddress']){
				$this->db->query("DELETE FROM " . DB_PREFIX . "address WHERE customer_id = '" . (int)$customer_id . "' AND address_id ='".$address_id. "'");
				$address_id = 0;
			}
		]]></add>
		</operation>
	</file>	
</modification>