<?xml version="1.0" encoding="UTF-8"?>
<modification>
	<id>Xtensions-Best Checkout and Customer FrameWork - Checkout Page Changes</id>
	<version>OC Version-2.1.x.x</version>
	<vqmver>2.5</vqmver>
	<author><![CDATA[<a href="http://www.opencart.com/index.php?route=extension/extension&filter_username=xtensions" target = "_blank">Other Modules</a><br />]]> <![CDATA[<a href="mailto:kwason@outlook.com">Email-Support</a><br />]]> <![CDATA[<a href="http://xtensions.in/support" target = "_blank">Ticket Support</a>]]></author>
	<file name="catalog/controller/checkout/checkout.php">		
		<operation>
			<search position="replace"><![CDATA[if (file_exists(DIR_TEMPLATE . $this->config->get('config_template') . '/template/checkout/checkout.tpl')) {]]></search>
			<add><![CDATA[
			// Xtensions Best Checkout						
          	if($this->xtensions->isActive()){
           		$data['xheader'] = $this->load->controller('xcheckout/xheader');
				$data['xfooter'] = $this->load->controller('xcheckout/xfooter');
				$data['xcvc'] = $this->load->controller('xcheckout/xcvc');
				$modData = $this->xtensions->getModData();
            	$data['custom_js'] = html_entity_decode($modData['js'], ENT_QUOTES, 'UTF-8');
           		$this->response->setOutput($this->load->view('xtensions/template/checkout/xcheckout.tpl', $data));
           		// Xtensions Best Checkout                		
          	}else if (file_exists(DIR_TEMPLATE . $this->config->get('config_template') . '/template/checkout/checkout.tpl')) {
			]]></add>
		</operation>
		<operation error="skip">
			<search position="replace"><![CDATA[
			$this->document->addStyle('catalog/view/javascript/jquery/datetimepicker/bootstrap-datetimepicker.min.css');
			]]></search>
			<add><![CDATA[
			if($this->xtensions->isActive()){
				//$this->document->addStyle('catalog/view/javascript/jquery/datetimepicker/bootstrap-datetimepicker.min.css'); - Included by Xtensions
			}else{
				$this->document->addStyle('catalog/view/javascript/jquery/datetimepicker/bootstrap-datetimepicker.min.css');
			}
           ]]></add>
		</operation>
		<operation error="skip">
			<search position="replace"><![CDATA[
			$this->document->addScript('catalog/view/javascript/jquery/datetimepicker/moment.js');
			]]></search>
			<add><![CDATA[
			if($this->xtensions->isActive()){
				//$this->document->addScript('catalog/view/javascript/jquery/datetimepicker/moment.js'); - Included by Xtensions
			}else{
				$this->document->addScript('catalog/view/javascript/jquery/datetimepicker/moment.js');
			}
           ]]></add>
		</operation>
		<operation error="skip">
			<search position="replace"><![CDATA[
			$this->document->addScript('catalog/view/javascript/jquery/datetimepicker/bootstrap-datetimepicker.min.js');
			]]></search>
			<add><![CDATA[
			if($this->xtensions->isActive()){
				//$this->document->addScript('catalog/view/javascript/jquery/datetimepicker/bootstrap-datetimepicker.min.js'); - Included by Xtensions
			}else{
				$this->document->addScript('catalog/view/javascript/jquery/datetimepicker/bootstrap-datetimepicker.min.js');
			}
           ]]></add>
		</operation>			
	</file>
	<file name="catalog/controller/checkout/confirm.php">
		<operation>
			<search position="replace"><![CDATA[
			$this->session->data['order_id'] = $this->model_checkout_order->addOrder($order_data);
			]]></search>
			<add><![CDATA[
			// Xtensions Best Checkout
			$data['isBestActive'] = $this->xtensions->isActive();
			if(!isset($this->session->data['order_id']) || !$this->xtensions->isActive()){
				$this->session->data['order_id'] = $this->model_checkout_order->addOrder($order_data);
			}else{
				$this->model_checkout_order->editOrder($this->session->data['order_id'],$order_data);
			}
			// Xtensions Best Checkout
                ]]></add>
		</operation>
	</file>
	<file name="catalog/model/checkout/order.php">
		<operation error="skip">
			<search position="after"><![CDATA[
			'order_id'                => $order_query->row['order_id'],
			]]></search>
			<add><![CDATA[
			// Xtensions Best Checkout
			'customer_group_id'       => $order_query->row['customer_group_id'],
			// Xtensions Best Checkout			
                ]]></add>
		</operation>
		<operation error="skip">
			<search position="after"><![CDATA[
			$data['ip'] = $order_info['ip'];
			]]></search>
			<add><![CDATA[
			// Xtensions Best Checkout		
			$data['customer_fields'] = array();
			if($this->xtensions->isActive()){
				$this->load->model('account/xcustom_field');
				$fieldData = $this->model_account_xcustom_field->getCustomFieldByIdentifier($order_info['custom_field'],'account');
				foreach($this->model_account_xcustom_field->getCustomFields($order_info['customer_group_id']) as $field){
					if($field['location']=='account' && $field['email_display']){
						if(isset($fieldData[$field['identifier']])){
							$data['customer_fields'][] = array('name'=>$field['name'],'value'=>$fieldData[$field['identifier']]);			
						}
					}
				}
			}
			// Xtensions Best Checkout		
                ]]></add>
		</operation>
		<operation error="skip">
			<search position="before"><![CDATA[
			$data['products'] = array();
			]]></search>
			<add><![CDATA[
			// Xtensions Best Checkout		
			if($this->xtensions->isActive()){
				$this->load->model('account/xcustom_field');
				$formatted_address = $this->model_account_xcustom_field->getFormattedAddressForOrder($order_info);
				$data['payment_address'] = $formatted_address['payment_address_formatted'];
				$data['shipping_address'] = $formatted_address['shipping_address_formatted'];
			}
			// Xtensions Best Checkout		
			]]></add>
		</operation>
		<operation error="skip">
			<search position="after" index="1"><![CDATA[
			return array(
			]]></search>
			<add><![CDATA[
			// Xtensions Best Checkout		
			'customer_group_id'                => $order_query->row['customer_group_id'],
			// Xtensions Best Checkout		
			]]></add>
		</operation>
	</file>
	<file name="catalog/view/theme/*/template/mail/order.tpl">
		<operation>
			<search position="before"><![CDATA[
			<b><?php echo $text_ip; ?></b> <?php echo $ip; ?><br />
			]]></search>
			<add><![CDATA[
			<?php foreach ($customer_fields as $field){?>
			<?php if($field['value']){ ?>
          		<b><?php echo $field['name']; ?></b> <?php echo $field['value']; ?><br /> 
          	<?php } ?>
          	<?php } ?>
                ]]></add>
		</operation>
	</file>	
	<file name="catalog/view/theme/*/template/checkout/confirm.tpl">
		<operation>
			<search position="before"><![CDATA[
			<?php if (!isset($redirect)) { ?>
			]]></search>
			<add><![CDATA[
			<?php if($isBestActive) { ?>
				<script type="text/javascript">
				$(document).ready(function(){
					$('#payment .pull-right').removeClass('pull-right');
					$('#payment .btn-primary').addClass('btn-success mybutton');
					$('#payment .btn-primary').parent().addClass('paddingb');
					$('#payment .right .button').addClass('btn btn-success mybutton');
					$('#payment .right .button').parent().addClass('paddingb');
					$('#payment .right .button').removeClass('button');
					$('#payment .btn-primary').removeClass('btn-primary');
					$('#payment input[type=\'button\']').wrapAll('<h3>');
				});
				</script>
			<?php } ?>
                ]]></add>
		</operation>
	</file>		
</modification>