<?xml version="1.0" encoding="UTF-8"?>
<modification>
	<id>Xtensions-Best Checkout and Customer FrameWork - Xtensions Custom
		Fields</id>
	<version>OC Version-2.1.x.x</version>
	<vqmver>2.5</vqmver>
	<author><![CDATA[<a href="http://www.opencart.com/index.php?route=extension/extension&filter_username=xtensions" target = "_blank">Other Modules</a><br />]]> <![CDATA[<a href="mailto:kwason@outlook.com">Email-Support</a><br />]]> <![CDATA[<a href="http://xtensions.in/support" target = "_blank">Ticket Support</a>]]></author>
	<file name="admin/controller/common/menu.php">
		<operation>
			<search position="after"><![CDATA[
				$data['custom_field'] = $this->url->link('customer/custom_field', 'token=' . $this->session->data['token'], 'SSL');
				]]></search>
			<add><![CDATA[
				$data['xcustom_fields'] = $this->url->link('sale/xcustom_field', 'token=' . $this->session->data['token'], 'SSL');
				$data['text_xcustom_field'] = $this->language->get('text_xcustom_field');
			]]></add>
		</operation>
	</file>
	<file name="admin/language/*/common/menu.php">
		<operation>
			<search position="after"><![CDATA[
				<?php
				]]></search>
			<add><![CDATA[
				$_['text_xcustom_field']                = 'Custom Fields-Xtensions';
			]]></add>
		</operation>
	</file>
	<file name="admin/view/template/common/menu.tpl">
		<operation>
			<search position="before"><![CDATA[
				<li><a href="<?php echo $custom_field; ?>"><?php echo $text_custom_field; ?></a></li>
				]]></search>
			<add><![CDATA[
				<li><a href="<?php echo $xcustom_fields; ?>"><?php echo $text_xcustom_field; ?></a></li>
			]]></add>
		</operation>
	</file>
	<file name="admin/controller/customer/custom_field.php">
		<operation>
			<search position="after"><![CDATA[
				'sort_order'      => $result['sort_order'],
				]]></search>
			<add><![CDATA[
				'edit_custom'            => $this->url->link('sale/xcustom_field/edit', 'token=' . $this->session->data['token'] . '&custom_field_id=' . $result['custom_field_id'] . $url, 'SSL'),
			]]></add>
		</operation>
		<operation>
			<search position="after"><![CDATA[
				$data['button_edit'] = $this->language->get('button_edit');
				]]></search>
			<add><![CDATA[
				$data['button_edit_custom'] = $this->language->get('button_edit_custom');
				$data['button_add_custom'] = $this->language->get('button_add_custom');
				$data['add_custom'] = $this->url->link('sale/xcustom_field/add', 'token=' . $this->session->data['token'] . $url, 'SSL');
			]]></add>
		</operation>
	</file>
	<file name="admin/language/*/customer/custom_field.php">
		<operation>
			<search position="after"><![CDATA[
				<?php
				]]></search>
			<add><![CDATA[
				$_['button_edit_custom']                = 'Edit using Xtensions Custom Fields';
				$_['button_add_custom']                 = 'Add New using Xtensions Custom Fields';
			]]></add>
		</operation>
	</file>
	<file name="admin/view/template/customer/custom_field_list.tpl">
		<operation>
			<search position="ibefore"><![CDATA[
				<a href="<?php echo $custom_field['edit']; ?>"
				]]></search>
			<add><![CDATA[
				<a href="<?php echo $custom_field['edit_custom']; ?>" data-toggle="tooltip" title="<?php echo $button_edit_custom; ?>" class="btn btn-primary"><i class="fa fa-pencil"></i> <?php echo $button_edit_custom; ?></a>
			]]></add>
		</operation>
		<operation>
			<search position="ibefore"><![CDATA[
				<a href="<?php echo $add; ?>"
				]]></search>
			<add><![CDATA[
				<a href="<?php echo $add_custom; ?>" data-toggle="tooltip" title="<?php echo $button_add_custom; ?>" class="btn btn-primary"><i class="fa fa-plus"></i> <?php echo $button_add_custom; ?></a>
			]]></add>
		</operation>
	</file>
	<file name="admin/view/template/sale/order_invoice.tpl">
		<operation error="skip">
			<search position="after"><![CDATA[
			<?php echo $order['payment_address']; ?>
			]]></search>
			<add><![CDATA[
			<?php if($order['customer_fields']){ echo '<br/>'; ?>
				<?php foreach ($order['customer_fields'] as $field){?>
        			<?php echo $field?'<br/>'.$field:''; ?> 
       			<?php } ?>
       		<?php } ?>
			]]></add>
		</operation>
	</file>
	<file name="admin/view/template/sale/order_shipping.tpl">
		<operation error="skip">
			<search position="iafter"><![CDATA[
			<?php echo $order['telephone']; ?>
			]]></search>
			<add><![CDATA[
				<?php foreach ($order['customer_fields'] as $field){?>
        			<?php echo $field?'<br/>'.$field:''; ?> 
       			<?php } ?>
       		]]></add>
		</operation>
	</file>
	<file name="admin/controller/sale/order.php">
		<operation error="skip">
			<search position="before"><![CDATA[
			$data['products'] = array();
			]]></search>
			<add><![CDATA[
			//xtensions- Custom Fields
			if($this->xtensions->isActive()){
				$this->load->model('sale/xcustom_field');			
				$formatted_address = $this->model_sale_xcustom_field->getFormattedAddressForOrder($order_info);
				$data['payment_address'] = $formatted_address['payment_address_formatted'];
				$data['shipping_address'] = $formatted_address['shipping_address_formatted'];
			}
			//xtensions- Custom Fields
			]]></add>
		</operation>
		<operation error="skip">
			<search position="before"><![CDATA[
			$product_data = array();
			]]></search>
			<add><![CDATA[
			//xtensions- Custom Fields
			$customer_fields =array();
			if($this->xtensions->isActive()){
			$customer_fields =array();
			$this->load->model('sale/xcustom_field');
			$fieldData = $this->model_sale_xcustom_field->getCustomFieldByIdentifier($order_info['custom_field'],'account');
			foreach($this->model_sale_xcustom_field->getCustomFieldsAll($order_info['customer_group_id']) as $field){
				if($field['location']=='account' && $field['invoice']){
					if(isset($fieldData[$field['identifier']])){
						$customer_fields[] = $fieldData[$field['identifier']];
					}
				}
			}
			$formatted_address = $this->model_sale_xcustom_field->getFormattedAddressForOrder($order_info);
			$payment_address = $formatted_address['payment_address_formatted'];
			$shipping_address = $formatted_address['shipping_address_formatted'];
			}
			//xtensions- Custom Fields
			]]></add>
		</operation>
		<operation error="skip">
			<search position="before"><![CDATA[
			'order_id'	         => $order_id,
			]]></search>
			<add><![CDATA[
			//xtensions- Custom Fields
			'customer_fields'	 => $customer_fields,
			//xtensions- Custom Fields
			]]></add>
		</operation>
		<operation error="skip">
			<search position="before"><![CDATA[
			'order_id'	       => $order_id,
			]]></search>
			<add><![CDATA[
			//xtensions- Custom Fields
			'customer_fields'	 => $customer_fields,
			//xtensions- Custom Fields
			]]></add>
		</operation>
	</file>
</modification>