<?xml version="1.0" encoding="UTF-8"?>
<modification>
	<id>Xtensions-Best Checkout and Customer FrameWork - Register Page
		Changes</id>
	<version>OC Version-2.1.x.x</version>
	<vqmver>2.5</vqmver>
	<author><![CDATA[<a href="http://www.opencart.com/index.php?route=extension/extension&filter_username=xtensions" target = "_blank">Other Modules</a><br />]]> <![CDATA[<a href="mailto:kwason@outlook.com">Email-Support</a><br />]]> <![CDATA[<a href="http://xtensions.in/support" target = "_blank">Ticket Support</a>]]></author>
	<file name="catalog/controller/account/register.php">
		<operation>
			<search position="after"><![CDATA[public function index() {]]></search>
			<add><![CDATA[if($this->xtensions->isActive())$this->response->redirect($this->url->link('account/signup', '', 'SSL'));]]></add>
		</operation>
	</file>
</modification>