<?xml version="1.0" encoding="UTF-8"?>
<modification>
	<id>Xtensions-Best Checkout and Customer FrameWork - Customer Order History Changes for Address Format</id>
	<version>OC Version-2.1.x.x</version>
	<vqmver>2.5</vqmver>
	<author><![CDATA[<a href="http://www.opencart.com/index.php?route=extension/extension&filter_username=xtensions" target = "_blank">Other Modules</a><br />]]> <![CDATA[<a href="mailto:kwason@outlook.com">Email-Support</a><br />]]> <![CDATA[<a href="http://xtensions.in/support" target = "_blank">Ticket Support</a>]]></author>
	<file name="catalog/controller/account/order.php">
		<operation error="skip">
			<search position="before"><![CDATA[
			$data['shipping_method'] = $order_info['shipping_method'];
			]]></search>
			<add><![CDATA[
			//xtensions- Custom Fields
			if($this->xtensions->isActive()){
				$this->load->model('account/xcustom_field');
				$formatted_address = $this->model_account_xcustom_field->getFormattedAddressForOrder($order_info);
				$data['payment_address'] = $formatted_address['payment_address_formatted'];
				$data['shipping_address'] = $formatted_address['shipping_address_formatted'];
			}
			//xtensions- Custom Fields
			]]></add>
		</operation>
	</file>			
</modification>